week,numbookscheckout,firstdayofweek,year,prediction,,,Week,Week & Year,Number of Checkouts,Prediction,"['Week & Year', 'Number of Checkouts'],",,,,,,,,,
1,67463,1/1/07,2007,,,0,1,1-2007,67463,null,"['1-2007', 67463],","data.setCell(0, 2, null);",,,,,,,,
2,66964,1/8/07,2007,,,1,2,2-2007,66964,null,"['2-2007', 66964],","data.setCell(1, 2, null);",,,,,,,,
3,64230,1/15/07,2007,,,2,3,3-2007,64230,null,"['3-2007', 64230],","data.setCell(2, 2, null);",,,,,,,,
4,73819,1/22/07,2007,,,3,4,4-2007,73819,null,"['4-2007', 73819],","data.setCell(3, 2, null);",,,,,,,,
5,69000,1/29/07,2007,,,4,5,5-2007,69000,null,"['5-2007', 69000],","data.setCell(4, 2, null);",,,,,,,,
6,70292,2/5/07,2007,,,5,6,6-2007,70292,null,"['6-2007', 70292],","data.setCell(5, 2, null);",,,,,,,,
7,67047,2/12/07,2007,,,6,7,7-2007,67047,null,"['7-2007', 67047],","data.setCell(6, 2, null);",,,,,,,,
8,65996,2/19/07,2007,,,7,8,8-2007,65996,null,"['8-2007', 65996],","data.setCell(7, 2, null);",,,,,,,,
9,56736,2/26/07,2007,,,8,9,9-2007,56736,null,"['9-2007', 56736],","data.setCell(8, 2, null);",,,,,,,,
10,72742,3/5/07,2007,,,9,10,10-2007,72742,null,"['10-2007', 72742],","data.setCell(9, 2, null);",,,,,,,,
11,73320,3/12/07,2007,,,10,11,11-2007,73320,null,"['11-2007', 73320],","data.setCell(10, 2, null);",,,,,,,,
12,73877,3/19/07,2007,,,11,12,12-2007,73877,null,"['12-2007', 73877],","data.setCell(11, 2, null);",,,,,,,,
13,68413,3/26/07,2007,,,12,13,13-2007,68413,null,"['13-2007', 68413],","data.setCell(12, 2, null);",,,,,,,,
14,60587,4/2/07,2007,,,13,14,14-2007,60587,null,"['14-2007', 60587],","data.setCell(13, 2, null);",,,,,,,,
15,76644,4/9/07,2007,,,14,15,15-2007,76644,null,"['15-2007', 76644],","data.setCell(14, 2, null);",,,,,,,,
16,69773,4/16/07,2007,,,15,16,16-2007,69773,null,"['16-2007', 69773],","data.setCell(15, 2, null);",,,,,,,,
17,70043,4/23/07,2007,,,16,17,17-2007,70043,null,"['17-2007', 70043],","data.setCell(16, 2, null);",,,,,,,,
18,69047,4/30/07,2007,,,17,18,18-2007,69047,null,"['18-2007', 69047],","data.setCell(17, 2, null);",,,,,,,,
19,65609,5/7/07,2007,,,18,19,19-2007,65609,null,"['19-2007', 65609],","data.setCell(18, 2, null);",,,,,,,,
20,68968,5/14/07,2007,,,19,20,20-2007,68968,null,"['20-2007', 68968],","data.setCell(19, 2, null);",,,,,,,,
21,69585,5/21/07,2007,,,20,21,21-2007,69585,null,"['21-2007', 69585],","data.setCell(20, 2, null);",,,,,,,,
22,56786,5/28/07,2007,,,21,22,22-2007,56786,null,"['22-2007', 56786],","data.setCell(21, 2, null);",,,,,,,,
23,73964,6/4/07,2007,,,22,23,23-2007,73964,null,"['23-2007', 73964],","data.setCell(22, 2, null);",,,,,,,,
24,71184,6/11/07,2007,,,23,24,24-2007,71184,null,"['24-2007', 71184],","data.setCell(23, 2, null);",,,,,,,,
25,72162,6/18/07,2007,,,24,25,25-2007,72162,null,"['25-2007', 72162],","data.setCell(24, 2, null);",,,,,,,,
26,79097,6/25/07,2007,,,25,26,26-2007,79097,null,"['26-2007', 79097],","data.setCell(25, 2, null);",,,,,,,,
27,65460,7/2/07,2007,,,26,27,27-2007,65460,null,"['27-2007', 65460],","data.setCell(26, 2, null);",,,,,,,,
28,75228,7/9/07,2007,,,27,28,28-2007,75228,null,"['28-2007', 75228],","data.setCell(27, 2, null);",,,,,,,,
29,79982,7/16/07,2007,,,28,29,29-2007,79982,null,"['29-2007', 79982],","data.setCell(28, 2, null);",,,,,,,,
30,71221,7/23/07,2007,,,29,30,30-2007,71221,null,"['30-2007', 71221],","data.setCell(29, 2, null);",,,,,,,,
31,70103,7/30/07,2007,,,30,31,31-2007,70103,null,"['31-2007', 70103],","data.setCell(30, 2, null);",,,,,,,,
32,73397,8/6/07,2007,,,31,32,32-2007,73397,null,"['32-2007', 73397],","data.setCell(31, 2, null);",,,,,,,,
33,70506,8/13/07,2007,,,32,33,33-2007,70506,null,"['33-2007', 70506],","data.setCell(32, 2, null);",,,,,,,,
34,74796,8/20/07,2007,,,33,34,34-2007,74796,null,"['34-2007', 74796],","data.setCell(33, 2, null);",,,,,,,,
35,70672,8/27/07,2007,,,34,35,35-2007,70672,null,"['35-2007', 70672],","data.setCell(34, 2, null);",,,,,,,,
36,63472,9/3/07,2007,,,35,36,36-2007,63472,null,"['36-2007', 63472],","data.setCell(35, 2, null);",,,,,,,,
37,76153,9/10/07,2007,,,36,37,37-2007,76153,null,"['37-2007', 76153],","data.setCell(36, 2, null);",,,,,,,,
38,73261,9/17/07,2007,,,37,38,38-2007,73261,null,"['38-2007', 73261],","data.setCell(37, 2, null);",,,,,,,,
39,70984,9/24/07,2007,,,38,39,39-2007,70984,null,"['39-2007', 70984],","data.setCell(38, 2, null);",,,,,,,,
40,73679,10/1/07,2007,,,39,40,40-2007,73679,null,"['40-2007', 73679],","data.setCell(39, 2, null);",,,,,,,,
41,72842,10/8/07,2007,,,40,41,41-2007,72842,null,"['41-2007', 72842],","data.setCell(40, 2, null);",,,,,,,,
42,74393,10/15/07,2007,,,41,42,42-2007,74393,null,"['42-2007', 74393],","data.setCell(41, 2, null);",,,,,,,,
43,69676,10/22/07,2007,,,42,43,43-2007,69676,null,"['43-2007', 69676],","data.setCell(42, 2, null);",,,,,,,,
44,72308,10/29/07,2007,,,43,44,44-2007,72308,null,"['44-2007', 72308],","data.setCell(43, 2, null);",,,,,,,,
45,68290,11/5/07,2007,,,44,45,45-2007,68290,null,"['45-2007', 68290],","data.setCell(44, 2, null);",,,,,,,,
46,79041,11/12/07,2007,,,45,46,46-2007,79041,null,"['46-2007', 79041],","data.setCell(45, 2, null);",,,,,,,,
47,63998,11/19/07,2007,,,46,47,47-2007,63998,null,"['47-2007', 63998],","data.setCell(46, 2, null);",,,,,,,,
48,70882,11/26/07,2007,,,47,48,48-2007,70882,null,"['48-2007', 70882],","data.setCell(47, 2, null);",,,,,,,,
49,71196,12/3/07,2007,,,48,49,49-2007,71196,null,"['49-2007', 71196],","data.setCell(48, 2, null);",,,,,,,,
50,66427,12/10/07,2007,,,49,50,50-2007,66427,null,"['50-2007', 66427],","data.setCell(49, 2, null);",,,,,,,,
51,65712,12/17/07,2007,,,50,51,51-2007,65712,null,"['51-2007', 65712],","data.setCell(50, 2, null);",,,,,,,,
52,47532,12/24/07,2007,,,51,52,52-2007,47532,null,"['52-2007', 47532],","data.setCell(51, 2, null);",,,,,,,,
53,103925,1/1/08,2008,,,52,1,1-2008,103925,null,"['1-2008', 103925],","data.setCell(52, 2, null);",,,,,,,,
54,81826,1/7/08,2008,,,53,2,2-2008,81826,null,"['2-2008', 81826],","data.setCell(53, 2, null);",,,,,,,,
55,78393,1/14/08,2008,,,54,3,3-2008,78393,null,"['3-2008', 78393],","data.setCell(54, 2, null);",,,,,,,,
56,69370,1/21/08,2008,,,55,4,4-2008,69370,null,"['4-2008', 69370],","data.setCell(55, 2, null);",,,,,,,,
57,81854,1/28/08,2008,,,56,5,5-2008,81854,null,"['5-2008', 81854],","data.setCell(56, 2, null);",,,,,,,,
58,78447,2/4/08,2008,,,57,6,6-2008,78447,null,"['6-2008', 78447],","data.setCell(57, 2, null);",,,,,,,,
59,74001,2/11/08,2008,,,58,7,7-2008,74001,null,"['7-2008', 74001],","data.setCell(58, 2, null);",,,,,,,,
60,69094,2/18/08,2008,,,59,8,8-2008,69094,null,"['8-2008', 69094],","data.setCell(59, 2, null);",,,,,,,,
61,81089,2/25/08,2008,,,60,9,9-2008,81089,null,"['9-2008', 81089],","data.setCell(60, 2, null);",,,,,,,,
62,64208,3/3/08,2008,,,61,10,10-2008,64208,null,"['10-2008', 64208],","data.setCell(61, 2, null);",,,,,,,,
63,46291,3/10/08,2008,,,62,11,11-2008,46291,null,"['11-2008', 46291],","data.setCell(62, 2, null);",,,,,,,,
64,63455,3/17/08,2008,,,63,12,12-2008,63455,null,"['12-2008', 63455],","data.setCell(63, 2, null);",,,,,,,,
65,82372,3/24/08,2008,,,64,13,13-2008,82372,null,"['13-2008', 82372],","data.setCell(64, 2, null);",,,,,,,,
66,81498,3/31/08,2008,,,65,14,14-2008,81498,null,"['14-2008', 81498],","data.setCell(65, 2, null);",,,,,,,,
67,76440,4/7/08,2008,,,66,15,15-2008,76440,null,"['15-2008', 76440],","data.setCell(66, 2, null);",,,,,,,,
68,80218,4/14/08,2008,,,67,16,16-2008,80218,null,"['16-2008', 80218],","data.setCell(67, 2, null);",,,,,,,,
69,75676,4/21/08,2008,,,68,17,17-2008,75676,null,"['17-2008', 75676],","data.setCell(68, 2, null);",,,,,,,,
70,76175,4/28/08,2008,,,69,18,18-2008,76175,null,"['18-2008', 76175],","data.setCell(69, 2, null);",,,,,,,,
71,75552,5/5/08,2008,,,70,19,19-2008,75552,null,"['19-2008', 75552],","data.setCell(70, 2, null);",,,,,,,,
72,71395,5/12/08,2008,,,71,20,20-2008,71395,null,"['20-2008', 71395],","data.setCell(71, 2, null);",,,,,,,,
73,76520,5/19/08,2008,,,72,21,21-2008,76520,null,"['21-2008', 76520],","data.setCell(72, 2, null);",,,,,,,,
74,68712,5/26/08,2008,,,73,22,22-2008,68712,null,"['22-2008', 68712],","data.setCell(73, 2, null);",,,,,,,,
75,84856,6/2/08,2008,,,74,23,23-2008,84856,null,"['23-2008', 84856],","data.setCell(74, 2, null);",,,,,,,,
76,80109,6/9/08,2008,,,75,24,24-2008,80109,null,"['24-2008', 80109],","data.setCell(75, 2, null);",,,,,,,,
77,86939,6/16/08,2008,,,76,25,25-2008,86939,null,"['25-2008', 86939],","data.setCell(76, 2, null);",,,,,,,,
78,82330,6/23/08,2008,,,77,26,26-2008,82330,null,"['26-2008', 82330],","data.setCell(77, 2, null);",,,,,,,,
79,79322,6/30/08,2008,,,78,27,27-2008,79322,null,"['27-2008', 79322],","data.setCell(78, 2, null);",,,,,,,,
80,86058,7/7/08,2008,,,79,28,28-2008,86058,null,"['28-2008', 86058],","data.setCell(79, 2, null);",,,,,,,,
81,90387,7/14/08,2008,,,80,29,29-2008,90387,null,"['29-2008', 90387],","data.setCell(80, 2, null);",,,,,,,,
82,85550,7/21/08,2008,,,81,30,30-2008,85550,null,"['30-2008', 85550],","data.setCell(81, 2, null);",,,,,,,,
83,85323,7/28/08,2008,,,82,31,31-2008,85323,null,"['31-2008', 85323],","data.setCell(82, 2, null);",,,,,,,,
84,83513,8/4/08,2008,,,83,32,32-2008,83513,null,"['32-2008', 83513],","data.setCell(83, 2, null);",,,,,,,,
85,78739,8/11/08,2008,,,84,33,33-2008,78739,null,"['33-2008', 78739],","data.setCell(84, 2, null);",,,,,,,,
86,83860,8/18/08,2008,,,85,34,34-2008,83860,null,"['34-2008', 83860],","data.setCell(85, 2, null);",,,,,,,,
87,85019,8/25/08,2008,,,86,35,35-2008,85019,null,"['35-2008', 85019],","data.setCell(86, 2, null);",,,,,,,,
88,72106,9/1/08,2008,,,87,36,36-2008,72106,null,"['36-2008', 72106],","data.setCell(87, 2, null);",,,,,,,,
89,84926,9/8/08,2008,,,88,37,37-2008,84926,null,"['37-2008', 84926],","data.setCell(88, 2, null);",,,,,,,,
90,86562,9/15/08,2008,,,89,38,38-2008,86562,null,"['38-2008', 86562],","data.setCell(89, 2, null);",,,,,,,,
91,83053,9/22/08,2008,,,90,39,39-2008,83053,null,"['39-2008', 83053],","data.setCell(90, 2, null);",,,,,,,,
92,82855,9/29/08,2008,,,91,40,40-2008,82855,null,"['40-2008', 82855],","data.setCell(91, 2, null);",,,,,,,,
93,82711,10/6/08,2008,,,92,41,41-2008,82711,null,"['41-2008', 82711],","data.setCell(92, 2, null);",,,,,,,,
94,82895,10/13/08,2008,,,93,42,42-2008,82895,null,"['42-2008', 82895],","data.setCell(93, 2, null);",,,,,,,,
95,74292,10/20/08,2008,,,94,43,43-2008,74292,null,"['43-2008', 74292],","data.setCell(94, 2, null);",,,,,,,,
96,75396,10/27/08,2008,,,95,44,44-2008,75396,null,"['44-2008', 75396],","data.setCell(95, 2, null);",,,,,,,,
97,88620,11/3/08,2008,,,96,45,45-2008,88620,null,"['45-2008', 88620],","data.setCell(96, 2, null);",,,,,,,,
98,79109,11/10/08,2008,,,97,46,46-2008,79109,null,"['46-2008', 79109],","data.setCell(97, 2, null);",,,,,,,,
99,90704,11/17/08,2008,,,98,47,47-2008,90704,null,"['47-2008', 90704],","data.setCell(98, 2, null);",,,,,,,,
100,74517,11/24/08,2008,,,99,48,48-2008,74517,null,"['48-2008', 74517],","data.setCell(99, 2, null);",,,,,,,,
101,83499,12/1/08,2008,,,100,49,49-2008,83499,null,"['49-2008', 83499],","data.setCell(100, 2, null);",,,,,,,,
102,77930,12/8/08,2008,,,101,50,50-2008,77930,null,"['50-2008', 77930],","data.setCell(101, 2, null);",,,,,,,,
103,60920,12/15/08,2008,,,102,51,51-2008,60920,null,"['51-2008', 60920],","data.setCell(102, 2, null);",,,,,,,,
104,42432,12/22/08,2008,,,103,52,52-2008,42432,null,"['52-2008', 42432],","data.setCell(103, 2, null);",,,,,,,,
105,37902,1/1/09,2009,,,104,1,1-2009,37902,null,"['1-2009', 37902],","data.setCell(104, 2, null);",,,,,,,,
106,94794,1/5/09,2009,,,105,2,2-2009,94794,null,"['2-2009', 94794],","data.setCell(105, 2, null);",,,,,,,,
107,91743,1/12/09,2009,,,106,3,3-2009,91743,null,"['3-2009', 91743],","data.setCell(106, 2, null);",,,,,,,,
108,79274,1/19/09,2009,,,107,4,4-2009,79274,null,"['4-2009', 79274],","data.setCell(107, 2, null);",,,,,,,,
109,88924,1/26/09,2009,,,108,5,5-2009,88924,null,"['5-2009', 88924],","data.setCell(108, 2, null);",,,,,,,,
110,88404,2/2/09,2009,,,109,6,6-2009,88404,null,"['6-2009', 88404],","data.setCell(109, 2, null);",,,,,,,,
111,87150,2/9/09,2009,,,110,7,7-2009,87150,null,"['7-2009', 87150],","data.setCell(110, 2, null);",,,,,,,,
112,83371,2/16/09,2009,,,111,8,8-2009,83371,null,"['8-2009', 83371],","data.setCell(111, 2, null);",,,,,,,,
113,91981,2/23/09,2009,,,112,9,9-2009,91981,null,"['9-2009', 91981],","data.setCell(112, 2, null);",,,,,,,,
114,90731,3/2/09,2009,,,113,10,10-2009,90731,null,"['10-2009', 90731],","data.setCell(113, 2, null);",,,,,,,,
115,90119,3/9/09,2009,,,114,11,11-2009,90119,null,"['11-2009', 90119],","data.setCell(114, 2, null);",,,,,,,,
116,91021,3/16/09,2009,,,115,12,12-2009,91021,null,"['12-2009', 91021],","data.setCell(115, 2, null);",,,,,,,,
117,89049,3/23/09,2009,,,116,13,13-2009,89049,null,"['13-2009', 89049],","data.setCell(116, 2, null);",,,,,,,,
118,88222,3/30/09,2009,,,117,14,14-2009,88222,null,"['14-2009', 88222],","data.setCell(117, 2, null);",,,,,,,,
119,80118,4/6/09,2009,,,118,15,15-2009,80118,null,"['15-2009', 80118],","data.setCell(118, 2, null);",,,,,,,,
120,88103,4/13/09,2009,,,119,16,16-2009,88103,null,"['16-2009', 88103],","data.setCell(119, 2, null);",,,,,,,,
121,84745,4/20/09,2009,,,120,17,17-2009,84745,null,"['17-2009', 84745],","data.setCell(120, 2, null);",,,,,,,,
122,82004,4/27/09,2009,,,121,18,18-2009,82004,null,"['18-2009', 82004],","data.setCell(121, 2, null);",,,,,,,,
123,84149,5/4/09,2009,,,122,19,19-2009,84149,null,"['19-2009', 84149],","data.setCell(122, 2, null);",,,,,,,,
124,84540,5/11/09,2009,,,123,20,20-2009,84540,null,"['20-2009', 84540],","data.setCell(123, 2, null);",,,,,,,,
125,83691,5/18/09,2009,,,124,21,21-2009,83691,null,"['21-2009', 83691],","data.setCell(124, 2, null);",,,,,,,,
126,74180,5/25/09,2009,,,125,22,22-2009,74180,null,"['22-2009', 74180],","data.setCell(125, 2, null);",,,,,,,,
127,85061,6/1/09,2009,,,126,23,23-2009,85061,null,"['23-2009', 85061],","data.setCell(126, 2, null);",,,,,,,,
128,85415,6/8/09,2009,,,127,24,24-2009,85415,null,"['24-2009', 85415],","data.setCell(127, 2, null);",,,,,,,,
129,91256,6/15/09,2009,,,128,25,25-2009,91256,null,"['25-2009', 91256],","data.setCell(128, 2, null);",,,,,,,,
130,95994,6/22/09,2009,,,129,26,26-2009,95994,null,"['26-2009', 95994],","data.setCell(129, 2, null);",,,,,,,,
131,81249,6/29/09,2009,,,130,27,27-2009,81249,null,"['27-2009', 81249],","data.setCell(130, 2, null);",,,,,,,,
132,97883,7/6/09,2009,,,131,28,28-2009,97883,null,"['28-2009', 97883],","data.setCell(131, 2, null);",,,,,,,,
133,90332,7/13/09,2009,,,132,29,29-2009,90332,null,"['29-2009', 90332],","data.setCell(132, 2, null);",,,,,,,,
134,92743,7/20/09,2009,,,133,30,30-2009,92743,null,"['30-2009', 92743],","data.setCell(133, 2, null);",,,,,,,,
135,85340,7/27/09,2009,,,134,31,31-2009,85340,null,"['31-2009', 85340],","data.setCell(134, 2, null);",,,,,,,,
136,92707,8/3/09,2009,,,135,32,32-2009,92707,null,"['32-2009', 92707],","data.setCell(135, 2, null);",,,,,,,,
137,93088,8/10/09,2009,,,136,33,33-2009,93088,null,"['33-2009', 93088],","data.setCell(136, 2, null);",,,,,,,,
138,89158,8/17/09,2009,,,137,34,34-2009,89158,null,"['34-2009', 89158],","data.setCell(137, 2, null);",,,,,,,,
139,104716,8/24/09,2009,,,138,35,35-2009,104716,null,"['35-2009', 104716],","data.setCell(138, 2, null);",,,,,,,,
140,74484,9/7/09,2009,,,139,36,36-2009,74484,null,"['36-2009', 74484],","data.setCell(139, 2, null);",,,,,,,,
141,88225,9/14/09,2009,,,140,37,37-2009,88225,null,"['37-2009', 88225],","data.setCell(140, 2, null);",,,,,,,,
142,84647,9/21/09,2009,,,141,38,38-2009,84647,null,"['38-2009', 84647],","data.setCell(141, 2, null);",,,,,,,,
143,86082,9/28/09,2009,,,142,39,39-2009,86082,null,"['39-2009', 86082],","data.setCell(142, 2, null);",,,,,,,,
144,85746,10/5/09,2009,,,143,40,40-2009,85746,null,"['40-2009', 85746],","data.setCell(143, 2, null);",,,,,,,,
145,84900,10/12/09,2009,,,144,41,41-2009,84900,null,"['41-2009', 84900],","data.setCell(144, 2, null);",,,,,,,,
146,83985,10/19/09,2009,,,145,42,42-2009,83985,null,"['42-2009', 83985],","data.setCell(145, 2, null);",,,,,,,,
147,82574,10/26/09,2009,,,146,43,43-2009,82574,null,"['43-2009', 82574],","data.setCell(146, 2, null);",,,,,,,,
148,87352,11/2/09,2009,,,147,44,44-2009,87352,null,"['44-2009', 87352],","data.setCell(147, 2, null);",,,,,,,,
149,78730,11/9/09,2009,,,148,45,45-2009,78730,null,"['45-2009', 78730],","data.setCell(148, 2, null);",,,,,,,,
150,89360,11/16/09,2009,,,149,46,46-2009,89360,null,"['46-2009', 89360],","data.setCell(149, 2, null);",,,,,,,,
151,74319,11/23/09,2009,,,150,47,47-2009,74319,null,"['47-2009', 74319],","data.setCell(150, 2, null);",,,,,,,,
152,82343,11/30/09,2009,,,151,48,48-2009,82343,null,"['48-2009', 82343],","data.setCell(151, 2, null);",,,,,,,,
153,75406,12/7/09,2009,,,152,49,49-2009,75406,null,"['49-2009', 75406],","data.setCell(152, 2, null);",,,,,,,,
154,73462,12/14/09,2009,,,153,50,50-2009,73462,null,"['50-2009', 73462],","data.setCell(153, 2, null);",,,,,,,,
155,53069,12/21/09,2009,,,154,51,51-2009,53069,null,"['51-2009', 53069],","data.setCell(154, 2, null);",,,,,,,,
156,52091,12/28/09,2009,,,155,52,52-2009,52091,null,"['52-2009', 52091],","data.setCell(155, 2, null);",,,,,,,,
157,89768,1/4/10,2010,,,156,1,1-2010,89768,null,"['1-2010', 89768],","data.setCell(156, 2, null);",,,,,,,,
158,89036,1/11/10,2010,,,157,2,2-2010,89036,null,"['2-2010', 89036],","data.setCell(157, 2, null);",,,,,,,,
159,75027,1/18/10,2010,,,158,3,3-2010,75027,null,"['3-2010', 75027],","data.setCell(158, 2, null);",,,,,,,,
160,94021,1/25/10,2010,,,159,4,4-2010,94021,null,"['4-2010', 94021],","data.setCell(159, 2, null);",,,,,,,,
161,83307,2/1/10,2010,,,160,5,5-2010,83307,null,"['5-2010', 83307],","data.setCell(160, 2, null);",,,,,,,,
162,83036,2/8/10,2010,,,161,6,6-2010,83036,null,"['6-2010', 83036],","data.setCell(161, 2, null);",,,,,,,,
163,74627,2/15/10,2010,,,162,7,7-2010,74627,null,"['7-2010', 74627],","data.setCell(162, 2, null);",,,,,,,,
164,86877,2/22/10,2010,,,163,8,8-2010,86877,null,"['8-2010', 86877],","data.setCell(163, 2, null);",,,,,,,,
165,83363,3/1/10,2010,,,164,9,9-2010,83363,null,"['9-2010', 83363],","data.setCell(164, 2, null);",,,,,,,,
166,85593,3/8/10,2010,,,165,10,10-2010,85593,null,"['10-2010', 85593],","data.setCell(165, 2, null);",,,,,,,,
167,81856,3/15/10,2010,,,166,11,11-2010,81856,null,"['11-2010', 81856],","data.setCell(166, 2, null);",,,,,,,,
168,82837,3/22/10,2010,,,167,12,12-2010,82837,null,"['12-2010', 82837],","data.setCell(167, 2, null);",,,,,,,,
169,82702,3/29/10,2010,,,168,13,13-2010,82702,null,"['13-2010', 82702],","data.setCell(168, 2, null);",,,,,,,,
170,84778,4/5/10,2010,,,169,14,14-2010,84778,null,"['14-2010', 84778],","data.setCell(169, 2, null);",,,,,,,,
171,81485,4/12/10,2010,,,170,15,15-2010,81485,null,"['15-2010', 81485],","data.setCell(170, 2, null);",,,,,,,,
172,84448,4/19/10,2010,,,171,16,16-2010,84448,null,"['16-2010', 84448],","data.setCell(171, 2, null);",,,,,,,,
173,79281,4/26/10,2010,,,172,17,17-2010,79281,null,"['17-2010', 79281],","data.setCell(172, 2, null);",,,,,,,,
174,76696,5/3/10,2010,,,173,18,18-2010,76696,null,"['18-2010', 76696],","data.setCell(173, 2, null);",,,,,,,,
175,79134,5/10/10,2010,,,174,19,19-2010,79134,null,"['19-2010', 79134],","data.setCell(174, 2, null);",,,,,,,,
176,86062,5/17/10,2010,,,175,20,20-2010,86062,null,"['20-2010', 86062],","data.setCell(175, 2, null);",,,,,,,,
177,84472,5/24/10,2010,,,176,21,21-2010,84472,null,"['21-2010', 84472],","data.setCell(176, 2, null);",,,,,,,,
178,72588,5/31/10,2010,,,177,22,22-2010,72588,null,"['22-2010', 72588],","data.setCell(177, 2, null);",,,,,,,,
179,81221,6/7/10,2010,,,178,23,23-2010,81221,null,"['23-2010', 81221],","data.setCell(178, 2, null);",,,,,,,,
180,86340,6/14/10,2010,,,179,24,24-2010,86340,null,"['24-2010', 86340],","data.setCell(179, 2, null);",,,,,,,,
181,89208,6/21/10,2010,,,180,25,25-2010,89208,null,"['25-2010', 89208],","data.setCell(180, 2, null);",,,,,,,,
182,87583,6/28/10,2010,,,181,26,26-2010,87583,null,"['26-2010', 87583],","data.setCell(181, 2, null);",,,,,,,,
183,75685,7/5/10,2010,,,182,27,27-2010,75685,null,"['27-2010', 75685],","data.setCell(182, 2, null);",,,,,,,,
184,91945,7/12/10,2010,,,183,28,28-2010,91945,null,"['28-2010', 91945],","data.setCell(183, 2, null);",,,,,,,,
185,87687,7/19/10,2010,,,184,29,29-2010,87687,null,"['29-2010', 87687],","data.setCell(184, 2, null);",,,,,,,,
186,83454,7/26/10,2010,,,185,30,30-2010,83454,null,"['30-2010', 83454],","data.setCell(185, 2, null);",,,,,,,,
187,84258,8/2/10,2010,,,186,31,31-2010,84258,null,"['31-2010', 84258],","data.setCell(186, 2, null);",,,,,,,,
188,84538,8/9/10,2010,,,187,32,32-2010,84538,null,"['32-2010', 84538],","data.setCell(187, 2, null);",,,,,,,,
189,85608,8/16/10,2010,,,188,33,33-2010,85608,null,"['33-2010', 85608],","data.setCell(188, 2, null);",,,,,,,,
190,104091,8/23/10,2010,,,189,34,34-2010,104091,null,"['34-2010', 104091],","data.setCell(189, 2, null);",,,,,,,,
191,72342,9/6/10,2010,,,190,35,35-2010,72342,null,"['35-2010', 72342],","data.setCell(190, 2, null);",,,,,,,,
192,90678,9/13/10,2010,,,191,36,36-2010,90678,null,"['36-2010', 90678],","data.setCell(191, 2, null);",,,,,,,,
193,80347,9/20/10,2010,,,192,37,37-2010,80347,null,"['37-2010', 80347],","data.setCell(192, 2, null);",,,,,,,,
194,78039,9/27/10,2010,,,193,38,38-2010,78039,null,"['38-2010', 78039],","data.setCell(193, 2, null);",,,,,,,,
195,84498,10/4/10,2010,,,194,39,39-2010,84498,null,"['39-2010', 84498],","data.setCell(194, 2, null);",,,,,,,,
196,80444,10/11/10,2010,,,195,40,40-2010,80444,null,"['40-2010', 80444],","data.setCell(195, 2, null);",,,,,,,,
197,81989,10/18/10,2010,,,196,41,41-2010,81989,null,"['41-2010', 81989],","data.setCell(196, 2, null);",,,,,,,,
198,78707,10/25/10,2010,,,197,42,42-2010,78707,null,"['42-2010', 78707],","data.setCell(197, 2, null);",,,,,,,,
199,83869,11/1/10,2010,,,198,43,43-2010,83869,null,"['43-2010', 83869],","data.setCell(198, 2, null);",,,,,,,,
200,76599,11/8/10,2010,,,199,44,44-2010,76599,null,"['44-2010', 76599],","data.setCell(199, 2, null);",,,,,,,,
201,84082,11/15/10,2010,,,200,45,45-2010,84082,null,"['45-2010', 84082],","data.setCell(200, 2, null);",,,,,,,,
202,58871,11/22/10,2010,,,201,46,46-2010,58871,null,"['46-2010', 58871],","data.setCell(201, 2, null);",,,,,,,,
203,82656,11/29/10,2010,,,202,47,47-2010,82656,null,"['47-2010', 82656],","data.setCell(202, 2, null);",,,,,,,,
204,76888,12/6/10,2010,,,203,48,48-2010,76888,null,"['48-2010', 76888],","data.setCell(203, 2, null);",,,,,,,,
205,73318,12/13/10,2010,,,204,49,49-2010,73318,null,"['49-2010', 73318],","data.setCell(204, 2, null);",,,,,,,,
206,57732,12/20/10,2010,,,205,50,50-2010,57732,null,"['50-2010', 57732],","data.setCell(205, 2, null);",,,,,,,,
207,59644,12/27/10,2010,,,206,51,51-2010,59644,null,"['51-2010', 59644],","data.setCell(206, 2, null);",,,,,,,,
208,85144,1/3/11,2011,,,207,52,52-2011,85144,null,"['52-2011', 85144],","data.setCell(207, 2, null);",,,,,,,,
209,84649,1/10/11,2011,,,208,1,1-2011,84649,null,"['1-2011', 84649],","data.setCell(208, 2, null);",,,,,,,,
210,77125,1/17/11,2011,,,209,2,2-2011,77125,null,"['2-2011', 77125],","data.setCell(209, 2, null);",,,,,,,,
211,87498,1/24/11,2011,,,210,3,3-2011,87498,null,"['3-2011', 87498],","data.setCell(210, 2, null);",,,,,,,,
212,85385,1/31/11,2011,,,211,4,4-2011,85385,null,"['4-2011', 85385],","data.setCell(211, 2, null);",,,,,,,,
213,84305,2/7/11,2011,,,212,5,5-2011,84305,null,"['5-2011', 84305],","data.setCell(212, 2, null);",,,,,,,,
214,83412,2/14/11,2011,,,213,6,6-2011,83412,null,"['6-2011', 83412],","data.setCell(213, 2, null);",,,,,,,,
215,78618,2/21/11,2011,,,214,7,7-2011,78618,null,"['7-2011', 78618],","data.setCell(214, 2, null);",,,,,,,,
216,86116,2/28/11,2011,,,215,8,8-2011,86116,null,"['8-2011', 86116],","data.setCell(215, 2, null);",,,,,,,,
217,84954,3/7/11,2011,,,216,9,9-2011,84954,null,"['9-2011', 84954],","data.setCell(216, 2, null);",,,,,,,,
218,61190,3/14/11,2011,,,217,10,10-2011,61190,null,"['10-2011', 61190],","data.setCell(217, 2, null);",,,,,,,,
219,67184,3/21/11,2011,,,218,11,11-2011,67184,null,"['11-2011', 67184],","data.setCell(218, 2, null);",,,,,,,,
220,80209,3/28/11,2011,,,219,12,12-2011,80209,null,"['12-2011', 80209],","data.setCell(219, 2, null);",,,,,,,,
221,85365,4/4/11,2011,,,220,13,13-2011,85365,null,"['13-2011', 85365],","data.setCell(220, 2, null);",,,,,,,,
222,83547,4/11/11,2011,,,221,14,14-2011,83547,null,"['14-2011', 83547],","data.setCell(221, 2, null);",,,,,,,,
223,76278,4/18/11,2011,,,222,15,15-2011,76278,null,"['15-2011', 76278],","data.setCell(222, 2, null);",,,,,,,,
224,81168,4/25/11,2011,,,223,16,16-2011,81168,null,"['16-2011', 81168],","data.setCell(223, 2, null);",,,,,,,,
225,76603,5/2/11,2011,,,224,17,17-2011,76603,null,"['17-2011', 76603],","data.setCell(224, 2, null);",,,,,,,,
226,78305,5/9/11,2011,,,225,18,18-2011,78305,null,"['18-2011', 78305],","data.setCell(225, 2, null);",,,,,,,,
227,79006,5/16/11,2011,,,226,19,19-2011,79006,null,"['19-2011', 79006],","data.setCell(226, 2, null);",,,,,,,,
228,82371,5/23/11,2011,,,227,20,20-2011,82371,null,"['20-2011', 82371],","data.setCell(227, 2, null);",,,,,,,,
229,70352,5/30/11,2011,,,228,21,21-2011,70352,null,"['21-2011', 70352],","data.setCell(228, 2, null);",,,,,,,,
230,83415,6/6/11,2011,,,229,22,22-2011,83415,null,"['22-2011', 83415],","data.setCell(229, 2, null);",,,,,,,,
231,87047,6/13/11,2011,,,230,23,23-2011,87047,null,"['23-2011', 87047],","data.setCell(230, 2, null);",,,,,,,,
232,91016,6/20/11,2011,,,231,24,24-2011,91016,null,"['24-2011', 91016],","data.setCell(231, 2, null);",,,,,,,,
233,92660,6/27/11,2011,,,232,25,25-2011,92660,null,"['25-2011', 92660],","data.setCell(232, 2, null);",,,,,,,,
234,78821,7/4/11,2011,,,233,26,26-2011,78821,null,"['26-2011', 78821],","data.setCell(233, 2, null);",,,,,,,,
235,93888,7/11/11,2011,,,234,27,27-2011,93888,null,"['27-2011', 93888],","data.setCell(234, 2, null);",,,,,,,,
236,87656,7/18/11,2011,,,235,28,28-2011,87656,null,"['28-2011', 87656],","data.setCell(235, 2, null);",,,,,,,,
237,88009,7/25/11,2011,,,236,29,29-2011,88009,null,"['29-2011', 88009],","data.setCell(236, 2, null);",,,,,,,,
238,84332,8/1/11,2011,,,237,30,30-2011,84332,null,"['30-2011', 84332],","data.setCell(237, 2, null);",,,,,,,,
239,90397,8/8/11,2011,,,238,31,31-2011,90397,null,"['31-2011', 90397],","data.setCell(238, 2, null);",,,,,,,,
240,85145,8/15/11,2011,,,239,32,32-2011,85145,null,"['32-2011', 85145],","data.setCell(239, 2, null);",,,,,,,,
241,98415,8/22/11,2011,,,240,33,33-2011,98415,null,"['33-2011', 98415],","data.setCell(240, 2, null);",,,,,,,,
242,65427,9/5/11,2011,,,241,34,34-2011,65427,null,"['34-2011', 65427],","data.setCell(241, 2, null);",,,,,,,,
243,82900,9/12/11,2011,,,242,35,35-2011,82900,null,"['35-2011', 82900],","data.setCell(242, 2, null);",,,,,,,,
244,77935,9/19/11,2011,,,243,36,36-2011,77935,null,"['36-2011', 77935],","data.setCell(243, 2, null);",,,,,,,,
245,76540,9/26/11,2011,,,244,37,37-2011,76540,null,"['37-2011', 76540],","data.setCell(244, 2, null);",,,,,,,,
246,76713,10/3/11,2011,,,245,38,38-2011,76713,null,"['38-2011', 76713],","data.setCell(245, 2, null);",,,,,,,,
247,78558,10/10/11,2011,,,246,39,39-2011,78558,null,"['39-2011', 78558],","data.setCell(246, 2, null);",,,,,,,,
248,76108,10/17/11,2011,,,247,40,40-2011,76108,null,"['40-2011', 76108],","data.setCell(247, 2, null);",,,,,,,,
249,74369,10/24/11,2011,,,248,41,41-2011,74369,null,"['41-2011', 74369],","data.setCell(248, 2, null);",,,,,,,,
250,74290,10/31/11,2011,,,249,42,42-2011,74290,null,"['42-2011', 74290],","data.setCell(249, 2, null);",,,,,,,,
251,68359,11/7/11,2011,,,250,43,43-2011,68359,null,"['43-2011', 68359],","data.setCell(250, 2, null);",,,,,,,,
252,75491,11/14/11,2011,,,251,44,44-2011,75491,null,"['44-2011', 75491],","data.setCell(251, 2, null);",,,,,,,,
253,65090,11/21/11,2011,,,252,45,45-2011,65090,null,"['45-2011', 65090],","data.setCell(252, 2, null);",,,,,,,,
254,75524,11/28/11,2011,,,253,46,46-2011,75524,null,"['46-2011', 75524],","data.setCell(253, 2, null);",,,,,,,,
255,70758,12/5/11,2011,,,254,47,47-2011,70758,null,"['47-2011', 70758],","data.setCell(254, 2, null);",,,,,,,,
256,68415,12/12/11,2011,,,255,48,48-2011,68415,null,"['48-2011', 68415],","data.setCell(255, 2, null);",,,,,,,,
257,56748,12/19/11,2011,,,256,49,49-2011,56748,null,"['49-2011', 56748],","data.setCell(256, 2, null);",,,,,,,,
258,69479,12/26/11,2011,,,257,50,50-2011,69479,null,"['50-2011', 69479],","data.setCell(257, 2, null);",,,,,,,,
259,86273,1/1/12,2012,,,258,51,51-2012,86273,null,"['51-2012', 86273],","data.setCell(258, 2, null);",,,,,,,,
260,75338,1/9/12,2012,,,259,52,52-2012,75338,null,"['52-2012', 75338],","data.setCell(259, 2, null);",,,,,,,,
261,43590,1/16/12,2012,,,260,1,1-2012,43590,null,"['1-2012', 43590],","data.setCell(260, 2, null);",,,,,,,,
262,78735,1/23/12,2012,,,261,2,2-2012,78735,null,"['2-2012', 78735],","data.setCell(261, 2, null);",,,,,,,,
263,69274,1/30/12,2012,,,262,3,3-2012,69274,null,"['3-2012', 69274],","data.setCell(262, 2, null);",,,,,,,,
264,73283,2/6/12,2012,,,263,4,4-2012,73283,null,"['4-2012', 73283],","data.setCell(263, 2, null);",,,,,,,,
265,72924,2/13/12,2012,,,264,5,5-2012,72924,null,"['5-2012', 72924],","data.setCell(264, 2, null);",,,,,,,,
266,65436,2/20/12,2012,,,265,6,6-2012,65436,null,"['6-2012', 65436],","data.setCell(265, 2, null);",,,,,,,,
267,76213,2/27/12,2012,,,266,7,7-2012,76213,null,"['7-2012', 76213],","data.setCell(266, 2, null);",,,,,,,,
268,74947,3/5/12,2012,,,267,8,8-2012,74947,null,"['8-2012', 74947],","data.setCell(267, 2, null);",,,,,,,,
269,76831,3/12/12,2012,,,268,9,9-2012,76831,null,"['9-2012', 76831],","data.setCell(268, 2, null);",,,,,,,,
270,73029,3/19/12,2012,,,269,10,10-2012,73029,null,"['10-2012', 73029],","data.setCell(269, 2, null);",,,,,,,,
271,75711,3/26/12,2012,,,270,11,11-2012,75711,null,"['11-2012', 75711],","data.setCell(270, 2, null);",,,,,,,,
272,72517,4/2/12,2012,,,271,12,12-2012,72517,null,"['12-2012', 72517],","data.setCell(271, 2, null);",,,,,,,,
273,74407,4/9/12,2012,,,272,13,13-2012,74407,null,"['13-2012', 74407],","data.setCell(272, 2, null);",,,,,,,,
274,77922,4/16/12,2012,,,273,14,14-2012,77922,null,"['14-2012', 77922],","data.setCell(273, 2, null);",,,,,,,,
275,75043,4/23/12,2012,,,274,15,15-2012,75043,null,"['15-2012', 75043],","data.setCell(274, 2, null);",,,,,,,,
276,75977,4/30/12,2012,,,275,16,16-2012,75977,null,"['16-2012', 75977],","data.setCell(275, 2, null);",,,,,,,,
277,71936,5/7/12,2012,,,276,17,17-2012,71936,null,"['17-2012', 71936],","data.setCell(276, 2, null);",,,,,,,,
278,77047,5/14/12,2012,,,277,18,18-2012,77047,null,"['18-2012', 77047],","data.setCell(277, 2, null);",,,,,,,,
279,77881,5/21/12,2012,,,278,19,19-2012,77881,null,"['19-2012', 77881],","data.setCell(278, 2, null);",,,,,,,,
280,65052,5/28/12,2012,,,279,20,20-2012,65052,null,"['20-2012', 65052],","data.setCell(279, 2, null);",,,,,,,,
281,79796,6/4/12,2012,,,280,21,21-2012,79796,null,"['21-2012', 79796],","data.setCell(280, 2, null);",,,,,,,,
282,79333,6/11/12,2012,,,281,22,22-2012,79333,null,"['22-2012', 79333],","data.setCell(281, 2, null);",,,,,,,,
283,86260,6/18/12,2012,,,282,23,23-2012,86260,null,"['23-2012', 86260],","data.setCell(282, 2, null);",,,,,,,,
284,96825,6/25/12,2012,,,283,24,24-2012,96825,null,"['24-2012', 96825],","data.setCell(283, 2, null);",,,,,,,,
285,78444,7/2/12,2012,,,284,25,25-2012,78444,null,"['25-2012', 78444],","data.setCell(284, 2, null);",,,,,,,,
286,93296,7/9/12,2012,,,285,26,26-2012,93296,null,"['26-2012', 93296],","data.setCell(285, 2, null);",,,,,,,,
287,91773,7/16/12,2012,,,286,27,27-2012,91773,null,"['27-2012', 91773],","data.setCell(286, 2, null);",,,,,,,,
288,84690,7/23/12,2012,,,287,28,28-2012,84690,null,"['28-2012', 84690],","data.setCell(287, 2, null);",,,,,,,,
289,78822,7/30/12,2012,,,288,29,29-2012,78822,null,"['29-2012', 78822],","data.setCell(288, 2, null);",,,,,,,,
290,83931,8/6/12,2012,,,289,30,30-2012,83931,null,"['30-2012', 83931],","data.setCell(289, 2, null);",,,,,,,,
291,85392,8/13/12,2012,,,290,31,31-2012,85392,null,"['31-2012', 85392],","data.setCell(290, 2, null);",,,,,,,,
292,97607,8/20/12,2012,,,291,32,32-2012,97607,null,"['32-2012', 97607],","data.setCell(291, 2, null);",,,,,,,,
293,71487,9/3/12,2012,,,292,33,33-2012,71487,null,"['33-2012', 71487],","data.setCell(292, 2, null);",,,,,,,,
294,71717,9/10/12,2012,,,293,34,34-2012,71717,null,"['34-2012', 71717],","data.setCell(293, 2, null);",,,,,,,,
295,81907,9/17/12,2012,,,294,35,35-2012,81907,null,"['35-2012', 81907],","data.setCell(294, 2, null);",,,,,,,,
296,73631,9/24/12,2012,,,295,36,36-2012,73631,null,"['36-2012', 73631],","data.setCell(295, 2, null);",,,,,,,,
297,83252,10/1/12,2012,,,296,37,37-2012,83252,null,"['37-2012', 83252],","data.setCell(296, 2, null);",,,,,,,,
298,85438,10/8/12,2012,,,297,38,38-2012,85438,null,"['38-2012', 85438],","data.setCell(297, 2, null);",,,,,,,,
299,81916,10/15/12,2012,,,298,39,39-2012,81916,null,"['39-2012', 81916],","data.setCell(298, 2, null);",,,,,,,,
300,79359,10/22/12,2012,,,299,40,40-2012,79359,null,"['40-2012', 79359],","data.setCell(299, 2, null);",,,,,,,,
301,81507,10/29/12,2012,,,300,41,41-2012,81507,null,"['41-2012', 81507],","data.setCell(300, 2, null);",,,,,,,,
302,75298,11/5/12,2012,,,301,42,42-2012,75298,null,"['42-2012', 75298],","data.setCell(301, 2, null);",,,,,,,,
303,86740,11/12/12,2012,,,302,43,43-2012,86740,null,"['43-2012', 86740],","data.setCell(302, 2, null);",,,,,,,,
304,75552,11/19/12,2012,,,303,44,44-2012,75552,null,"['44-2012', 75552],","data.setCell(303, 2, null);",,,,,,,,
305,84736,11/26/12,2012,,,304,45,45-2012,84736,null,"['45-2012', 84736],","data.setCell(304, 2, null);",,,,,,,,
306,79160,12/3/12,2012,,,305,46,46-2012,79160,null,"['46-2012', 79160],","data.setCell(305, 2, null);",,,,,,,,
307,72631,12/10/12,2012,,,306,47,47-2012,72631,null,"['47-2012', 72631],","data.setCell(306, 2, null);",,,,,,,,
308,75529,12/17/12,2012,,,307,48,48-2012,75529,null,"['48-2012', 75529],","data.setCell(307, 2, null);",,,,,,,,
309,51357,12/24/12,2012,,,308,49,49-2012,51357,null,"['49-2012', 51357],","data.setCell(308, 2, null);",,,,,,,,
310,93240,1/1/13,2013,,,309,50,50-2013,93240,null,"['50-2013', 93240],","data.setCell(309, 2, null);",,,,,,,,
311,91870,1/7/13,2013,,,310,51,51-2013,91870,null,"['51-2013', 91870],","data.setCell(310, 2, null);",,,,,,,,
312,89657,1/14/13,2013,,,311,52,52-2013,89657,null,"['52-2013', 89657],","data.setCell(311, 2, null);",,,,,,,,
313,79327,1/21/13,2013,,,312,1,1-2013,79327,null,"['1-2013', 79327],","data.setCell(312, 2, null);",,,,,,,,
314,87292,1/28/13,2013,,,313,2,2-2013,87292,null,"['2-2013', 87292],","data.setCell(313, 2, null);",,,,,,,,
315,87842,2/4/13,2013,,,314,3,3-2013,87842,null,"['3-2013', 87842],","data.setCell(314, 2, null);",,,,,,,,
316,86201,2/11/13,2013,,,315,4,4-2013,86201,null,"['4-2013', 86201],","data.setCell(315, 2, null);",,,,,,,,
317,78861,2/18/13,2013,,,316,5,5-2013,78861,null,"['5-2013', 78861],","data.setCell(316, 2, null);",,,,,,,,
318,90040,2/25/13,2013,,,317,6,6-2013,90040,null,"['6-2013', 90040],","data.setCell(317, 2, null);",,,,,,,,
319,87137,3/4/13,2013,,,318,7,7-2013,87137,null,"['7-2013', 87137],","data.setCell(318, 2, null);",,,,,,,,
320,87514,3/11/13,2013,,,319,8,8-2013,87514,null,"['8-2013', 87514],","data.setCell(319, 2, null);",,,,,,,,
321,85852,3/18/13,2013,,,320,9,9-2013,85852,null,"['9-2013', 85852],","data.setCell(320, 2, null);",,,,,,,,
322,73765,3/25/13,2013,,,321,10,10-2013,73765,null,"['10-2013', 73765],","data.setCell(321, 2, null);",,,,,,,,
323,77216,4/1/13,2013,,,322,11,11-2013,77216,null,"['11-2013', 77216],","data.setCell(322, 2, null);",,,,,,,,
324,87057,4/8/13,2013,,,323,12,12-2013,87057,null,"['12-2013', 87057],","data.setCell(323, 2, null);",,,,,,,,
325,84796,4/15/13,2013,,,324,13,13-2013,84796,null,"['13-2013', 84796],","data.setCell(324, 2, null);",,,,,,,,
326,79700,4/22/13,2013,,,325,14,14-2013,79700,null,"['14-2013', 79700],","data.setCell(325, 2, null);",,,,,,,,
327,75960,4/29/13,2013,,,326,15,15-2013,75960,null,"['15-2013', 75960],","data.setCell(326, 2, null);",,,,,,,,
328,76628,5/6/13,2013,,,327,16,16-2013,76628,null,"['16-2013', 76628],","data.setCell(327, 2, null);",,,,,,,,
329,83736,5/13/13,2013,,,328,17,17-2013,83736,null,"['17-2013', 83736],","data.setCell(328, 2, null);",,,,,,,,
330,85267,5/20/13,2013,,,329,18,18-2013,85267,null,"['18-2013', 85267],","data.setCell(329, 2, null);",,,,,,,,
331,73470,5/27/13,2013,,,330,19,19-2013,73470,null,"['19-2013', 73470],","data.setCell(330, 2, null);",,,,,,,,
332,84867,6/3/13,2013,,,331,20,20-2013,84867,null,"['20-2013', 84867],","data.setCell(331, 2, null);",,,,,,,,
333,85400,6/10/13,2013,,,332,21,21-2013,85400,null,"['21-2013', 85400],","data.setCell(332, 2, null);",,,,,,,,
334,101844,6/17/13,2013,,,333,22,22-2013,101844,null,"['22-2013', 101844],","data.setCell(333, 2, null);",,,,,,,,
335,93854,6/24/13,2013,,,334,23,23-2013,93854,null,"['23-2013', 93854],","data.setCell(334, 2, null);",,,,,,,,
336,80585,7/1/13,2013,,,335,24,24-2013,80585,null,"['24-2013', 80585],","data.setCell(335, 2, null);",,,,,,,,
337,92844,7/8/13,2013,,,336,25,25-2013,92844,null,"['25-2013', 92844],","data.setCell(336, 2, null);",,,,,,,,
338,93198,7/15/13,2013,,,337,26,26-2013,93198,null,"['26-2013', 93198],","data.setCell(337, 2, null);",,,,,,,,
339,88956,7/22/13,2013,,,338,27,27-2013,88956,null,"['27-2013', 88956],","data.setCell(338, 2, null);",,,,,,,,
340,90307,7/29/13,2013,,,339,28,28-2013,90307,null,"['28-2013', 90307],","data.setCell(339, 2, null);",,,,,,,,
341,85770,8/5/13,2013,,,340,29,29-2013,85770,null,"['29-2013', 85770],","data.setCell(340, 2, null);",,,,,,,,
342,88569,8/12/13,2013,,,341,30,30-2013,88569,null,"['30-2013', 88569],","data.setCell(341, 2, null);",,,,,,,,
343,86474,8/19/13,2013,,,342,31,31-2013,86474,null,"['31-2013', 86474],","data.setCell(342, 2, null);",,,,,,,,
344,87593,8/26/13,2013,,,343,32,32-2013,87593,null,"['32-2013', 87593],","data.setCell(343, 2, null);",,,,,,,,
345,80587,9/2/13,2013,,,344,33,33-2013,80587,null,"['33-2013', 80587],","data.setCell(344, 2, null);",,,,,,,,
346,87134,9/9/13,2013,,,345,34,34-2013,87134,null,"['34-2013', 87134],","data.setCell(345, 2, null);",,,,,,,,
347,87318,9/16/13,2013,,,346,35,35-2013,87318,null,"['35-2013', 87318],","data.setCell(346, 2, null);",,,,,,,,
348,85860,9/23/13,2013,,,347,36,36-2013,85860,null,"['36-2013', 85860],","data.setCell(347, 2, null);",,,,,,,,
349,76086,9/30/13,2013,,,348,37,37-2013,76086,null,"['37-2013', 76086],","data.setCell(348, 2, null);",,,,,,,,
350,88754,10/7/13,2013,,,349,38,38-2013,88754,null,"['38-2013', 88754],","data.setCell(349, 2, null);",,,,,,,,
351,84980,10/14/13,2013,,,350,39,39-2013,84980,null,"['39-2013', 84980],","data.setCell(350, 2, null);",,,,,,,,
352,82141,10/21/13,2013,,,351,40,40-2013,82141,null,"['40-2013', 82141],","data.setCell(351, 2, null);",,,,,,,,
353,82889,10/28/13,2013,,,352,41,41-2013,82889,null,"['41-2013', 82889],","data.setCell(352, 2, null);",,,,,,,,
354,91227,11/4/13,2013,,,353,42,42-2013,91227,null,"['42-2013', 91227],","data.setCell(353, 2, null);",,,,,,,,
355,77801,11/11/13,2013,,,354,43,43-2013,77801,null,"['43-2013', 77801],","data.setCell(354, 2, null);",,,,,,,,
356,87225,11/18/13,2013,,,355,44,44-2013,87225,null,"['44-2013', 87225],","data.setCell(355, 2, null);",,,,,,,,
357,75623,11/25/13,2013,,,356,45,45-2013,75623,null,"['45-2013', 75623],","data.setCell(356, 2, null);",,,,,,,,
358,80166,12/2/13,2013,,,357,46,46-2013,80166,null,"['46-2013', 80166],","data.setCell(357, 2, null);",,,,,,,,
359,76521,12/9/13,2013,,,358,47,47-2013,76521,null,"['47-2013', 76521],","data.setCell(358, 2, null);",,,,,,,,
360,70446,12/16/13,2013,,,359,48,48-2013,70446,null,"['48-2013', 70446],","data.setCell(359, 2, null);",,,,,,,,
361,52159,12/23/13,2013,,,360,49,49-2013,52159,null,"['49-2013', 52159],","data.setCell(360, 2, null);",,,,,,,,
362,86462,1/1/14,2014,,,361,50,50-2014,86462,null,"['50-2014', 86462],","data.setCell(361, 2, null);",,,,,,,,
363,88918,1/6/14,2014,,,362,51,51-2014,88918,null,"['51-2014', 88918],","data.setCell(362, 2, null);",,,,,,,,
364,87885,1/13/14,2014,,,363,52,52-2014,87885,null,"['52-2014', 87885],","data.setCell(363, 2, null);",,,,,,,,
365,76875,1/20/14,2014,,,364,1,1-2014,76875,null,"['1-2014', 76875],","data.setCell(364, 2, null);",,,,,,,,
366,83226,1/27/14,2014,,,365,2,2-2014,83226,null,"['2-2014', 83226],","data.setCell(365, 2, null);",,,,,,,,
367,78842,2/3/14,2014,,,366,3,3-2014,78842,null,"['3-2014', 78842],","data.setCell(366, 2, null);",,,,,,,,
368,82364,2/10/14,2014,,,367,4,4-2014,82364,null,"['4-2014', 82364],","data.setCell(367, 2, null);",,,,,,,,
369,77989,2/17/14,2014,,,368,5,5-2014,77989,null,"['5-2014', 77989],","data.setCell(368, 2, null);",,,,,,,,
370,84346,2/24/14,2014,,,369,6,6-2014,84346,null,"['6-2014', 84346],","data.setCell(369, 2, null);",,,,,,,,
371,86501,3/3/14,2014,,,370,7,7-2014,86501,null,"['7-2014', 86501],","data.setCell(370, 2, null);",,,,,,,,
372,81934,3/10/14,2014,,,371,8,8-2014,81934,null,"['8-2014', 81934],","data.setCell(371, 2, null);",,,,,,,,
373,81012,3/17/14,2014,,,372,9,9-2014,81012,null,"['9-2014', 81012],","data.setCell(372, 2, null);",,,,,,,,
374,86150,3/24/14,2014,,,373,10,10-2014,86150,null,"['10-2014', 86150],","data.setCell(373, 2, null);",,,,,,,,
375,81648,3/31/14,2014,,,374,11,11-2014,81648,null,"['11-2014', 81648],","data.setCell(374, 2, null);",,,,,,,,
376,76858,4/7/14,2014,,,375,12,12-2014,76858,null,"['12-2014', 76858],","data.setCell(375, 2, null);",,,,,,,,
377,75142,4/14/14,2014,,,376,13,13-2014,75142,null,"['13-2014', 75142],","data.setCell(376, 2, null);",,,,,,,,
378,82488,4/21/14,2014,,,377,14,14-2014,82488,null,"['14-2014', 82488],","data.setCell(377, 2, null);",,,,,,,,
379,76696,4/28/14,2014,,,378,15,15-2014,76696,null,"['15-2014', 76696],","data.setCell(378, 2, null);",,,,,,,,
380,78328,5/5/14,2014,,,379,16,16-2014,78328,null,"['16-2014', 78328],","data.setCell(379, 2, null);",,,,,,,,
381,73968,5/12/14,2014,,,380,17,17-2014,73968,null,"['17-2014', 73968],","data.setCell(380, 2, null);",,,,,,,,
382,80362,5/19/14,2014,,,381,18,18-2014,80362,null,"['18-2014', 80362],","data.setCell(381, 2, null);",,,,,,,,
383,70474,5/26/14,2014,,,382,19,19-2014,70474,null,"['19-2014', 70474],","data.setCell(382, 2, null);",,,,,,,,
384,79499,6/2/14,2014,,,383,20,20-2014,79499,null,"['20-2014', 79499],","data.setCell(383, 2, null);",,,,,,,,
385,81525,6/9/14,2014,,,384,21,21-2014,81525,null,"['21-2014', 81525],","data.setCell(384, 2, null);",,,,,,,,
386,81658,6/16/14,2014,,,385,22,22-2014,81658,null,"['22-2014', 81658],","data.setCell(385, 2, null);",,,,,,,,
387,91153,6/23/14,2014,,,386,23,23-2014,91153,null,"['23-2014', 91153],","data.setCell(386, 2, null);",,,,,,,,
388,77045,6/30/14,2014,,,387,24,24-2014,77045,null,"['24-2014', 77045],","data.setCell(387, 2, null);",,,,,,,,
389,84012,7/7/14,2014,,,388,25,25-2014,84012,null,"['25-2014', 84012],","data.setCell(388, 2, null);",,,,,,,,
390,85774,7/14/14,2014,,,389,26,26-2014,85774,null,"['26-2014', 85774],","data.setCell(389, 2, null);",,,,,,,,
391,87137,7/21/14,2014,,,390,27,27-2014,87137,null,"['27-2014', 87137],","data.setCell(390, 2, null);",,,,,,,,
392,81130,7/28/14,2014,,,391,28,28-2014,81130,null,"['28-2014', 81130],","data.setCell(391, 2, null);",,,,,,,,
393,81836,8/4/14,2014,,,392,29,29-2014,81836,null,"['29-2014', 81836],","data.setCell(392, 2, null);",,,,,,,,
394,84292,8/11/14,2014,,,393,30,30-2014,84292,null,"['30-2014', 84292],","data.setCell(393, 2, null);",,,,,,,,
395,81347,8/18/14,2014,,,394,31,31-2014,81347,null,"['31-2014', 81347],","data.setCell(394, 2, null);",,,,,,,,
396,80777,8/25/14,2014,,,395,32,32-2014,80777,null,"['32-2014', 80777],","data.setCell(395, 2, null);",,,,,,,,
397,72758,9/1/14,2014,,,396,33,33-2014,72758,null,"['33-2014', 72758],","data.setCell(396, 2, null);",,,,,,,,
398,73018,9/8/14,2014,,,397,34,34-2014,73018,null,"['34-2014', 73018],","data.setCell(397, 2, null);",,,,,,,,
399,79066,9/15/14,2014,,,398,35,35-2014,79066,null,"['35-2014', 79066],","data.setCell(398, 2, null);",,,,,,,,
400,82029,9/22/14,2014,,,399,36,36-2014,82029,null,"['36-2014', 82029],","data.setCell(399, 2, null);",,,,,,,,
401,77949,9/29/14,2014,,,400,37,37-2014,77949,null,"['37-2014', 77949],","data.setCell(400, 2, null);",,,,,,,,
402,79951,10/6/14,2014,,,401,38,38-2014,79951,null,"['38-2014', 79951],","data.setCell(401, 2, null);",,,,,,,,
403,80744,10/13/14,2014,,,402,39,39-2014,80744,null,"['39-2014', 80744],","data.setCell(402, 2, null);",,,,,,,,
404,79342,10/20/14,2014,,,403,40,40-2014,79342,null,"['40-2014', 79342],","data.setCell(403, 2, null);",,,,,,,,
405,78797,10/27/14,2014,,,404,41,41-2014,78797,null,"['41-2014', 78797],","data.setCell(404, 2, null);",,,,,,,,
406,81978,11/3/14,2014,,,405,42,42-2014,81978,null,"['42-2014', 81978],","data.setCell(405, 2, null);",,,,,,,,
407,75033,11/10/14,2014,,,406,43,43-2014,75033,null,"['43-2014', 75033],","data.setCell(406, 2, null);",,,,,,,,
408,81956,11/17/14,2014,,,407,44,44-2014,81956,null,"['44-2014', 81956],","data.setCell(407, 2, null);",,,,,,,,
409,71980,11/24/14,2014,,,408,45,45-2014,71980,null,"['45-2014', 71980],","data.setCell(408, 2, null);",,,,,,,,
410,77240,12/1/14,2014,,,409,46,46-2014,77240,null,"['46-2014', 77240],","data.setCell(409, 2, null);",,,,,,,,
411,70112,12/8/14,2014,,,410,47,47-2014,70112,null,"['47-2014', 70112],","data.setCell(410, 2, null);",,,,,,,,
412,70488,12/15/14,2014,,,411,48,48-2014,70488,null,"['48-2014', 70488],","data.setCell(411, 2, null);",,,,,,,,
413,50483,12/22/14,2014,,,412,49,49-2014,50483,null,"['49-2014', 50483],","data.setCell(412, 2, null);",,,,,,,,
414,37477,1/1/15,2015,,,413,50,50-2015,37477,null,"['50-2015', 37477],","data.setCell(413, 2, null);",,,,,,,,
415,84464,1/5/15,2015,,,414,51,51-2015,84464,null,"['51-2015', 84464],","data.setCell(414, 2, null);",,,,,,,,
416,79774,1/12/15,2015,,,415,52,52-2015,79774,null,"['52-2015', 79774],","data.setCell(415, 2, null);",,,,,,,,
417,71406,1/19/15,2015,,,416,1,1-2015,71406,null,"['1-2015', 71406],","data.setCell(416, 2, null);",,,,,,,,
418,77094,1/26/15,2015,,,417,2,2-2015,77094,null,"['2-2015', 77094],","data.setCell(417, 2, null);",,,,,,,,
419,80828,2/2/15,2015,,,418,3,3-2015,80828,null,"['3-2015', 80828],","data.setCell(418, 2, null);",,,,,,,,
420,77385,2/9/15,2015,,,419,4,4-2015,77385,null,"['4-2015', 77385],","data.setCell(419, 2, null);",,,,,,,,
421,70424,2/16/15,2015,,,420,5,5-2015,70424,null,"['5-2015', 70424],","data.setCell(420, 2, null);",,,,,,,,
422,83130,2/23/15,2015,,,421,6,6-2015,83130,null,"['6-2015', 83130],","data.setCell(421, 2, null);",,,,,,,,
423,77783,3/2/15,2015,,,422,7,7-2015,77783,null,"['7-2015', 77783],","data.setCell(422, 2, null);",,,,,,,,
424,79958,3/9/15,2015,,,423,8,8-2015,79958,null,"['8-2015', 79958],","data.setCell(423, 2, null);",,,,,,,,
425,80516,3/16/15,2015,,,424,9,9-2015,80516,null,"['9-2015', 80516],","data.setCell(424, 2, null);",,,,,,,,
426,81370,3/23/15,2015,,,425,10,10-2015,81370,null,"['10-2015', 81370],","data.setCell(425, 2, null);",,,,,,,,
427,73662,3/30/15,2015,,,426,11,11-2015,73662,null,"['11-2015', 73662],","data.setCell(426, 2, null);",,,,,,,,
428,80492,4/6/15,2015,,,427,12,12-2015,80492,null,"['12-2015', 80492],","data.setCell(427, 2, null);",,,,,,,,
429,75816,4/13/15,2015,,,428,13,13-2015,75816,null,"['13-2015', 75816],","data.setCell(428, 2, null);",,,,,,,,
430,78083,4/20/15,2015,,,429,14,14-2015,78083,null,"['14-2015', 78083],","data.setCell(429, 2, null);",,,,,,,,
431,72815,4/27/15,2015,,,430,15,15-2015,72815,null,"['15-2015', 72815],","data.setCell(430, 2, null);",,,,,,,,
432,71010,5/4/15,2015,,,431,16,16-2015,71010,null,"['16-2015', 71010],","data.setCell(431, 2, null);",,,,,,,,
433,77735,5/11/15,2015,,,432,17,17-2015,77735,null,"['17-2015', 77735],","data.setCell(432, 2, null);",,,,,,,,
434,76921,5/18/15,2015,,,433,18,18-2015,76921,null,"['18-2015', 76921],","data.setCell(433, 2, null);",,,,,,,,
435,66785,5/25/15,2015,,,434,19,19-2015,66785,null,"['19-2015', 66785],","data.setCell(434, 2, null);",,,,,,,,
436,77956,6/1/15,2015,,,435,20,20-2015,77956,null,"['20-2015', 77956],","data.setCell(435, 2, null);",,,,,,,,
437,76764,6/8/15,2015,,,436,21,21-2015,76764,null,"['21-2015', 76764],","data.setCell(436, 2, null);",,,,,,,,
438,84028,6/15/15,2015,,,437,22,22-2015,84028,null,"['22-2015', 84028],","data.setCell(437, 2, null);",,,,,,,,
439,28875,6/22/15,2015,,,438,23,23-2015,28875,null,"['23-2015', 28875],","data.setCell(438, 2, null);",,,,,,,,
440,67806,6/29/15,2015,,,439,24,24-2015,67806,null,"['24-2015', 67806],","data.setCell(439, 2, null);",,,,,,,,
441,88866,7/6/15,2015,,,440,25,25-2015,88866,null,"['25-2015', 88866],","data.setCell(440, 2, null);",,,,,,,,
442,81959,7/13/15,2015,,,441,26,26-2015,81959,null,"['26-2015', 81959],","data.setCell(441, 2, null);",,,,,,,,
443,86476,7/20/15,2015,,,442,27,27-2015,86476,null,"['27-2015', 86476],","data.setCell(442, 2, null);",,,,,,,,
444,79069,7/27/15,2015,,,443,28,28-2015,79069,null,"['28-2015', 79069],","data.setCell(443, 2, null);",,,,,,,,
445,80866,8/3/15,2015,,,444,29,29-2015,80866,null,"['29-2015', 80866],","data.setCell(444, 2, null);",,,,,,,,
446,79324,8/10/15,2015,,,445,30,30-2015,79324,null,"['30-2015', 79324],","data.setCell(445, 2, null);",,,,,,,,
447,80266,8/17/15,2015,,,446,31,31-2015,80266,null,"['31-2015', 80266],","data.setCell(446, 2, null);",,,,,,,,
448,81425,8/24/15,2015,,,447,32,32-2015,81425,null,"['32-2015', 81425],","data.setCell(447, 2, null);",,,,,,,,
449,85361,8/31/15,2015,,,448,33,33-2015,85361,null,"['33-2015', 85361],","data.setCell(448, 2, null);",,,,,,,,
450,72899,9/7/15,2015,,,449,34,34-2015,72899,null,"['34-2015', 72899],","data.setCell(449, 2, null);",,,,,,,,
451,85332,9/14/15,2015,,,450,35,35-2015,85332,null,"['35-2015', 85332],","data.setCell(450, 2, null);",,,,,,,,
452,78039,9/21/15,2015,,,451,36,36-2015,78039,null,"['36-2015', 78039],","data.setCell(451, 2, null);",,,,,,,,
453,76229,9/28/15,2015,,,452,37,37-2015,76229,null,"['37-2015', 76229],","data.setCell(452, 2, null);",,,,,,,,
454,78204,10/5/15,2015,,,453,38,38-2015,78204,null,"['38-2015', 78204],","data.setCell(453, 2, null);",,,,,,,,
455,76269,10/12/15,2015,,,454,39,39-2015,76269,null,"['39-2015', 76269],","data.setCell(454, 2, null);",,,,,,,,
456,77251,10/19/15,2015,,,455,40,40-2015,77251,null,"['40-2015', 77251],","data.setCell(455, 2, null);",,,,,,,,
457,75162,10/26/15,2015,,,456,41,41-2015,75162,null,"['41-2015', 75162],","data.setCell(456, 2, null);",,,,,,,,
458,82166,11/2/15,2015,,,457,42,42-2015,82166,null,"['42-2015', 82166],","data.setCell(457, 2, null);",,,,,,,,
459,71536,11/9/15,2015,,,458,43,43-2015,71536,null,"['43-2015', 71536],","data.setCell(458, 2, null);",,,,,,,,
460,80942,11/16/15,2015,,,459,44,44-2015,80942,null,"['44-2015', 80942],","data.setCell(459, 2, null);",,,,,,,,
461,68753,11/23/15,2015,,,460,45,45-2015,68753,null,"['45-2015', 68753],","data.setCell(460, 2, null);",,,,,,,,
462,75188,11/30/15,2015,,,461,46,46-2015,75188,null,"['46-2015', 75188],","data.setCell(461, 2, null);",,,,,,,,
463,69752,12/7/15,2015,,,462,47,47-2015,69752,null,"['47-2015', 69752],","data.setCell(462, 2, null);",,,,,,,,
464,66064,12/14/15,2015,,,463,48,48-2015,66064,null,"['48-2015', 66064],","data.setCell(463, 2, null);",,,,,,,,
465,48438,12/21/15,2015,,,464,49,49-2015,48438,null,"['49-2015', 48438],","data.setCell(464, 2, null);",,,,,,,,
466,43249,12/28/15,2015,,,465,50,50-2015,43249,null,"['50-2015', 43249],","data.setCell(465, 2, null);",,,,,,,,
467,84631,1/4/16,2016,,,466,51,51-2016,84631,null,"['51-2016', 84631],","data.setCell(466, 2, null);",,,,,,,,
468,79742,1/11/16,2016,,,467,52,52-2016,79742,null,"['52-2016', 79742],","data.setCell(467, 2, null);",,,,,,,,
469,69739,1/18/16,2016,,,468,1,1-2016,69739,null,"['1-2016', 69739],","data.setCell(468, 2, null);",,,,,,,,
470,81847,1/25/16,2016,,,469,2,2-2016,81847,null,"['2-2016', 81847],","data.setCell(469, 2, null);",,,,,,,,
471,69421,2/1/16,2016,,,470,3,3-2016,69421,null,"['3-2016', 69421],","data.setCell(470, 2, null);",,,,,,,,
472,75199,2/8/16,2016,,,471,4,4-2016,75199,null,"['4-2016', 75199],","data.setCell(471, 2, null);",,,,,,,,
473,72976,2/15/16,2016,,,472,5,5-2016,72976,null,"['5-2016', 72976],","data.setCell(472, 2, null);",,,,,,,,
474,80343,2/22/16,2016,,,473,6,6-2016,80343,null,"['6-2016', 80343],","data.setCell(473, 2, null);",,,,,,,,
475,77609,2/29/16,2016,,,474,7,7-2016,77609,null,"['7-2016', 77609],","data.setCell(474, 2, null);",,,,,,,,
476,76736,3/7/16,2016,,,475,8,8-2016,76736,null,"['8-2016', 76736],","data.setCell(475, 2, null);",,,,,,,,
477,75973,3/14/16,2016,,,476,9,9-2016,75973,null,"['9-2016', 75973],","data.setCell(476, 2, null);",,,,,,,,
478,72750,3/21/16,2016,,,477,10,10-2016,72750,null,"['10-2016', 72750],","data.setCell(477, 2, null);",,,,,,,,
479,69514,3/28/16,2016,,,478,11,11-2016,69514,null,"['11-2016', 69514],","data.setCell(478, 2, null);",,,,,,,,
480,72868,4/4/16,2016,,,479,12,12-2016,72868,null,"['12-2016', 72868],","data.setCell(479, 2, null);",,,,,,,,
481,73387,4/11/16,2016,,,480,13,13-2016,73387,null,"['13-2016', 73387],","data.setCell(480, 2, null);",,,,,,,,
482,73182,4/18/16,2016,,,481,14,14-2016,73182,null,"['14-2016', 73182],","data.setCell(481, 2, null);",,,,,,,,
483,71976,4/25/16,2016,,,482,15,15-2016,71976,null,"['15-2016', 71976],","data.setCell(482, 2, null);",,,,,,,,
484,66996,5/2/16,2016,,,483,16,16-2016,66996,null,"['16-2016', 66996],","data.setCell(483, 2, null);",,,,,,,,
485,73064,5/9/16,2016,,,484,17,17-2016,73064,null,"['17-2016', 73064],","data.setCell(484, 2, null);",,,,,,,,
486,74651,5/16/16,2016,,,485,18,18-2016,74651,null,"['18-2016', 74651],","data.setCell(485, 2, null);",,,,,,,,
487,75068,5/23/16,2016,,,486,19,19-2016,75068,null,"['19-2016', 75068],","data.setCell(486, 2, null);",,,,,,,,
488,56214,5/30/16,2016,,,487,20,20-2016,56214,null,"['20-2016', 56214],","data.setCell(487, 2, null);",,,,,,,,
489,74881,6/6/16,2016,,,488,21,21-2016,74881,null,"['21-2016', 74881],","data.setCell(488, 2, null);",,,,,,,,
490,73213,6/13/16,2016,,,489,22,22-2016,73213,null,"['22-2016', 73213],","data.setCell(489, 2, null);",,,,,,,,
491,76420,6/20/16,2016,,,490,23,23-2016,76420,null,"['23-2016', 76420],","data.setCell(490, 2, null);",,,,,,,,
492,85095,6/27/16,2016,,,491,24,24-2016,85095,null,"['24-2016', 85095],","data.setCell(491, 2, null);",,,,,,,,
493,72213,7/4/16,2016,,,492,25,25-2016,72213,null,"['25-2016', 72213],","data.setCell(492, 2, null);",,,,,,,,
494,80504,7/11/16,2016,,,493,26,26-2016,80504,null,"['26-2016', 80504],","data.setCell(493, 2, null);",,,,,,,,
495,72118,7/18/16,2016,,,494,27,27-2016,72118,null,"['27-2016', 72118],","data.setCell(494, 2, null);",,,,,,,,
496,76535,7/25/16,2016,,,495,28,28-2016,76535,null,"['28-2016', 76535],","data.setCell(495, 2, null);",,,,,,,,
497,75539,8/1/16,2016,,,496,29,29-2016,75539,null,"['29-2016', 75539],","data.setCell(496, 2, null);",,,,,,,,
498,73706,8/8/16,2016,,,497,30,30-2016,73706,null,"['30-2016', 73706],","data.setCell(497, 2, null);",,,,,,,,
499,75220,8/15/16,2016,,,498,31,31-2016,75220,null,"['31-2016', 75220],","data.setCell(498, 2, null);",,,,,,,,
500,62769,8/22/16,2016,,,499,32,32-2016,62769,null,"['32-2016', 62769],","data.setCell(499, 2, null);",,,,,,,,
501,79851,8/29/16,2016,,,500,33,33-2016,79851,null,"['33-2016', 79851],","data.setCell(500, 2, null);",,,,,,,,
502,69325,9/5/16,2016,,,501,34,34-2016,69325,null,"['34-2016', 69325],","data.setCell(501, 2, null);",,,,,,,,
503,77240,9/12/16,2016,,,502,35,35-2016,77240,null,"['35-2016', 77240],","data.setCell(502, 2, null);",,,,,,,,
504,72296,9/19/16,2016,,,503,36,36-2016,72296,null,"['36-2016', 72296],","data.setCell(503, 2, null);",,,,,,,,
505,73188,9/26/16,2016,,,504,37,37-2016,73188,null,"['37-2016', 73188],","data.setCell(504, 2, null);",,,,,,,,
506,45828,10/3/16,2016,,,505,38,38-2016,45828,null,"['38-2016', 45828],","data.setCell(505, 2, null);",,,,,,,,
507,71624,10/10/16,2016,,,506,39,39-2016,71624,null,"['39-2016', 71624],","data.setCell(506, 2, null);",,,,,,,,
508,74866,10/17/16,2016,,,507,40,40-2016,74866,null,"['40-2016', 74866],","data.setCell(507, 2, null);",,,,,,,,
509,73845,10/24/16,2016,,,508,41,41-2016,73845,null,"['41-2016', 73845],","data.setCell(508, 2, null);",,,,,,,,
510,73700,10/31/16,2016,,,509,42,42-2016,73700,null,"['42-2016', 73700],","data.setCell(509, 2, null);",,,,,,,,
511,67388,11/7/16,2016,,,510,43,43-2016,67388,null,"['43-2016', 67388],","data.setCell(510, 2, null);",,,,,,,,
512,76659,11/14/16,2016,,,511,44,44-2016,76659,null,"['44-2016', 76659],","data.setCell(511, 2, null);",,,,,,,,
513,67809,11/21/16,2016,,,512,45,45-2016,67809,null,"['45-2016', 67809],","data.setCell(512, 2, null);",,,,,,,,
514,74320,11/28/16,2016,,,513,46,46-2016,74320,null,"['46-2016', 74320],","data.setCell(513, 2, null);",,,,,,,,
515,66723,12/5/16,2016,,,514,47,47-2016,66723,null,"['47-2016', 66723],","data.setCell(514, 2, null);",,,,,,,,
516,65369,12/12/16,2016,,,515,48,48-2016,65369,null,"['48-2016', 65369],","data.setCell(515, 2, null);",,,,,,,,
517,51727,12/19/16,2016,,,516,49,49-2016,51727,null,"['49-2016', 51727],","data.setCell(516, 2, null);",,,,,,,,
518,61768,12/26/16,2016,,,517,50,50-2016,61768,null,"['50-2016', 61768],","data.setCell(517, 2, null);",,,,,,,,
519,78905,1/2/17,2017,,,518,51,51-2017,78905,null,"['51-2017', 78905],","data.setCell(518, 2, null);",,,,,,,,
520,76178,1/9/17,2017,,,519,52,52-2017,76178,null,"['52-2017', 76178],","data.setCell(519, 2, null);",,,,,,,,
521,64589,1/16/17,2017,,,520,1,1-2017,64589,null,"['1-2017', 64589],","data.setCell(520, 2, null);",,,,,,,,
522,75485,1/23/17,2017,,,521,2,2-2017,75485,null,"['2-2017', 75485],","data.setCell(521, 2, null);",,,,,,,,
523,75550,1/30/17,2017,,,522,3,3-2017,75550,null,"['3-2017', 75550],","data.setCell(522, 2, null);",,,,,,,,
524,68776,2/6/17,2017,,,523,4,4-2017,68776,null,"['4-2017', 68776],","data.setCell(523, 2, null);",,,,,,,,
525,74052,2/13/17,2017,,,524,5,5-2017,74052,null,"['5-2017', 74052],","data.setCell(524, 2, null);",,,,,,,,
526,72232,2/20/17,2017,,,525,6,6-2017,72232,null,"['6-2017', 72232],","data.setCell(525, 2, null);",,,,,,,,
527,76511,2/27/17,2017,,,526,7,7-2017,76511,null,"['7-2017', 76511],","data.setCell(526, 2, null);",,,,,,,,
528,78261,3/6/17,2017,,,527,8,8-2017,78261,null,"['8-2017', 78261],","data.setCell(527, 2, null);",,,,,,,,
529,74497,3/13/17,2017,,,528,9,9-2017,74497,null,"['9-2017', 74497],","data.setCell(528, 2, null);",,,,,,,,
530,74066,3/20/17,2017,,,529,10,10-2017,74066,null,"['10-2017', 74066],","data.setCell(529, 2, null);",,,,,,,,
531,66431,3/27/17,2017,,,530,11,11-2017,66431,null,"['11-2017', 66431],","data.setCell(530, 2, null);",,,,,,,,
532,76094,4/3/17,2017,,,531,12,12-2017,76094,null,"['12-2017', 76094],","data.setCell(531, 2, null);",,,,,,,,
533,67151,4/10/17,2017,,,532,13,13-2017,67151,null,"['13-2017', 67151],","data.setCell(532, 2, null);",,,,,,,,
534,75206,4/17/17,2017,,,533,14,14-2017,75206,null,"['14-2017', 75206],","data.setCell(533, 2, null);",,,,,,,,
535,68062,4/24/17,2017,,,534,15,15-2017,68062,null,"['15-2017', 68062],","data.setCell(534, 2, null);",,,,,,,,
536,71839,5/1/17,2017,,,535,16,16-2017,71839,null,"['16-2017', 71839],","data.setCell(535, 2, null);",,,,,,,,
537,75710,5/8/17,2017,,,536,17,17-2017,75710,null,"['17-2017', 75710],","data.setCell(536, 2, null);",,,,,,,,
538,69306,5/15/17,2017,,,537,18,18-2017,69306,null,"['18-2017', 69306],","data.setCell(537, 2, null);",,,,,,,,
539,66578,5/22/17,2017,,,538,19,19-2017,66578,null,"['19-2017', 66578],","data.setCell(538, 2, null);",,,,,,,,
540,65491,5/29/17,2017,,,539,20,20-2017,65491,null,"['20-2017', 65491],","data.setCell(539, 2, null);",,,,,,,,
541,84200,6/5/17,2017,,,540,21,21-2017,84200,null,"['21-2017', 84200],","data.setCell(540, 2, null);",,,,,,,,
542,93365,6/12/17,2017,,,541,22,22-2017,93365,null,"['22-2017', 93365],","data.setCell(541, 2, null);",,,,,,,,
543,71811,6/19/17,2017,,,542,23,23-2017,71811,null,"['23-2017', 71811],","data.setCell(542, 2, null);",,,,,,,,
544,80661,6/26/17,2017,,,543,24,24-2017,80661,null,"['24-2017', 80661],","data.setCell(543, 2, null);",,,,,,,,
545,71720,7/3/17,2017,,,544,25,25-2017,71720,null,"['25-2017', 71720],","data.setCell(544, 2, null);",,,,,,,,
546,86152,7/10/17,2017,,,545,26,26-2017,86152,null,"['26-2017', 86152],","data.setCell(545, 2, null);",,,,,,,,
547,80579,7/17/17,2017,,,546,27,27-2017,80579,null,"['27-2017', 80579],","data.setCell(546, 2, null);",,,,,,,,
548,77004,7/24/17,2017,,,547,28,28-2017,77004,null,"['28-2017', 77004],","data.setCell(547, 2, null);",,,,,,,,
549,77181,7/31/17,2017,,,548,29,29-2017,77181,null,"['29-2017', 77181],","data.setCell(548, 2, null);",,,,,,,,
550,79157,8/7/17,2017,,,549,30,30-2017,79157,null,"['30-2017', 79157],","data.setCell(549, 2, null);",,,,,,,,
551,76712,8/14/17,2017,,,550,31,31-2017,76712,null,"['31-2017', 76712],","data.setCell(550, 2, null);",,,,,,,,
552,73691,8/21/17,2017,,,551,32,32-2017,73691,null,"['32-2017', 73691],","data.setCell(551, 2, null);",,,,,,,,
553,75089,8/28/17,2017,,,552,33,33-2017,75089,null,"['33-2017', 75089],","data.setCell(552, 2, null);",,,,,,,,
554,72757,9/4/17,2017,,,553,34,34-2017,72757,null,"['34-2017', 72757],","data.setCell(553, 2, null);",,,,,,,,
555,76757,9/11/17,2017,,,554,35,35-2017,76757,null,"['35-2017', 76757],","data.setCell(554, 2, null);",,Week & Year,Actual # of Checkouts,Predicted # of Checkouts,Difference,% Difference,% Difference,"['Week & Year','Actual # of Checkouts','Predicted # of Checkouts','Difference','% Difference'],"
556,75615,9/18/17,2017,75489.92579,75490,555,36,36-2017,75615,75490,"['36-2017', 75615],","data.setCell(555, 2, 75490);",,36-2017,75615,75490,125,0.17,0.17,"['36-2017',75615,75490,125,'0.17%'],"
557,75574,9/25/17,2017,75435.27251,75435,556,37,37-2017,75574,75435,"['37-2017', 75574],","data.setCell(556, 2, 75435);",,37-2017,75574,75435,139,0.18,0.18,"['37-2017',75574,75435,139,'0.18%'],"
558,74770,10/2/17,2017,69058.45047,69058,557,38,38-2017,74770,69058,"['38-2017', 74770],","data.setCell(557, 2, 69058);",,38-2017,74770,69058,5712,7.64,7.64,"['38-2017',74770,69058,5712,'7.64%'],"
559,76854,10/9/17,2017,75058.41905,75058,558,39,39-2017,76854,75058,"['39-2017', 76854],","data.setCell(558, 2, 75058);",,39-2017,76854,75058,1796,2.34,2.34,"['39-2017',76854,75058,1796,'2.34%'],"
560,75838,10/16/17,2017,76004.18781,76004,559,40,40-2017,75838,76004,"['40-2017', 75838],","data.setCell(559, 2, 76004);",,40-2017,75838,76004,166,0.22,0.22,"['40-2017',75838,76004,166,'0.22%'],"
561,72777,10/23/17,2017,75427.82581,75428,560,41,41-2017,72777,75428,"['41-2017', 72777],","data.setCell(560, 2, 75428);",,41-2017,72777,75428,2651,3.64,3.64,"['41-2017',72777,75428,2651,'3.64%'],"
562,73981,10/30/17,2017,76488.44636,76488,561,42,42-2017,73981,76488,"['42-2017', 73981],","data.setCell(561, 2, 76488);",,42-2017,73981,76488,2507,3.39,3.39,"['42-2017',73981,76488,2507,'3.39%'],"
563,67697,11/6/17,2017,73282.77711,73283,562,43,43-2017,67697,73283,"['43-2017', 67697],","data.setCell(562, 2, 73283);",,43-2017,67697,73283,5586,8.25,8.25,"['43-2017',67697,73283,5586,'8.25%'],"
564,71140,11/13/17,2017,77019.8678,77020,563,44,44-2017,71140,77020,"['44-2017', 71140],","data.setCell(563, 2, 77020);",,44-2017,71140,77020,5880,8.27,8.27,"['44-2017',71140,77020,5880,'8.27%'],"
565,,11/20/17,2017,72950.13026,72950,564,45,45-2017,null,72950,"['45-2017', null],","data.setCell(564, 2, 72950);",,45-2017,null,72950,null,null,null,"['45-2017',null,72950,null,null],"
566,,11/27/17,2017,75547.94977,75548,565,46,46-2017,null,75548,"['46-2017', null],","data.setCell(565, 2, 75548);",,46-2017,null,75548,null,null,null,"['46-2017',null,75548,null,null],"
567,,12/4/17,2017,72841.12345,72841,566,47,47-2017,null,72841,"['47-2017', null],","data.setCell(566, 2, 72841);",,47-2017,null,72841,null,null,null,"['47-2017',null,72841,null,null],"
568,,12/11/17,2017,71933.17361,71933,567,48,48-2017,null,71933,"['48-2017', null],","data.setCell(567, 2, 71933);",,48-2017,null,71933,null,null,null,"['48-2017',null,71933,null,null],"
569,,12/18/17,2017,65841.79071,65842,568,49,49-2017,null,65842,"['49-2017', null],","data.setCell(568, 2, 65842);",,49-2017,null,65842,null,null,null,"['49-2017',null,65842,null,null],"
570,,12/25/17,2017,67483.05808,67483,569,50,50-2017,null,67483,"['50-2017', null],","data.setCell(569, 2, 67483);",,50-2017,null,67483,null,null,null,"['50-2017',null,67483,null,null],"
571,,1/1/18,2018,78145.91388,78146,570,1,1-2018,null,78146,"['1-2018', null],","data.setCell(570, 2, 78146);",,1-2018,null,78146,null,null,null,"['1-2018',null,78146,null,null],"
572,,1/8/18,2018,76714.55982,76715,571,2,2-2018,null,76715,"['2-2018', null],","data.setCell(571, 2, 76715);",,2-2018,null,76715,null,null,null,"['2-2018',null,76715,null,null],"
573,,1/15/18,2018,72317.69512,72318,572,3,3-2018,null,72318,"['3-2018', null],","data.setCell(572, 2, 72318);",,3-2018,null,72318,null,null,null,"['3-2018',null,72318,null,null],"
574,,1/22/18,2018,76874.65025,76875,573,4,4-2018,null,76875,"['4-2018', null],","data.setCell(573, 2, 76875);",,4-2018,null,76875,null,null,null,"['4-2018',null,76875,null,null],"
575,,1/29/18,2018,74946.00072,74946,574,5,5-2018,null,74946,"['5-2018', null],","data.setCell(574, 2, 74946);",,5-2018,null,74946,null,null,null,"['5-2018',null,74946,null,null],"
576,,2/5/18,2018,74195.12185,74195,575,6,6-2018,null,74195,"['6-2018', null],","data.setCell(575, 2, 74195);",,6-2018,null,74195,null,null,null,"['6-2018',null,74195,null,null],"
577,,2/12/18,2018,75136.31672,75136,576,7,7-2018,null,75136,"['7-2018', null],","data.setCell(576, 2, 75136);",,7-2018,null,75136,null,null,null,"['7-2018',null,75136,null,null],"
578,,2/19/18,2018,75844.495,75844,577,8,8-2018,null,75844,"['8-2018', null],","data.setCell(577, 2, 75844);",,8-2018,null,75844,null,null,null,"['8-2018',null,75844,null,null],"
579,,2/26/18,2018,76462.12996,76462,578,9,9-2018,null,76462,"['9-2018', null],","data.setCell(578, 2, 76462);",,9-2018,null,76462,null,null,null,"['9-2018',null,76462,null,null],"
580,,3/5/18,2018,76753.08755,76753,579,10,10-2018,null,76753,"['10-2018', null],","data.setCell(579, 2, 76753);",,10-2018,null,76753,null,null,null,"['10-2018',null,76753,null,null],"
581,,3/12/18,2018,75714.03943,75714,580,11,11-2018,null,75714,"['11-2018', null],","data.setCell(580, 2, 75714);",,11-2018,null,75714,null,null,null,"['11-2018',null,75714,null,null],"
582,,3/19/18,2018,75104.37081,75104,581,12,12-2018,null,75104,"['12-2018', null],","data.setCell(581, 2, 75104);",,12-2018,null,75104,null,null,null,"['12-2018',null,75104,null,null],"